,date,time,pm_val
0,2023/09/02,0,7
1,2023/09/02,1,7
2,2023/09/02,2,7
3,2023/09/02,3,8
4,2023/09/02,4,7
5,2023/09/02,5,9
6,2023/09/02,6,8
7,2023/09/02,7,9
8,2023/09/02,8,9
9,2023/09/02,9,10
10,2023/09/02,10,9
11,2023/09/02,11,6
12,2023/09/02,12,7
13,2023/09/02,13,8
14,2023/09/02,14,13
15,2023/09/02,15,13
16,2023/09/02,16,18
17,2023/09/02,17,17
18,2023/09/02,18,23
19,2023/09/02,19,15
20,2023/09/02,20,17
21,2023/09/02,21,14
22,2023/09/02,22,14
23,2023/09/02,23,12
24,2023/09/03,0,10
25,2023/09/03,1,10
26,2023/09/03,2,7
27,2023/09/03,3,15
28,2023/09/03,4,11
29,2023/09/03,5,5
30,2023/09/03,6,7
31,2023/09/03,7,13
32,2023/09/03,8,12
33,2023/09/03,9,10
34,2023/09/03,10,14
35,2023/09/03,11,8
36,2023/09/03,12,15
37,2023/09/03,13,15
38,2023/09/03,14,11
39,2023/09/03,15,13
40,2023/09/03,16,16
41,2023/09/03,17,11
42,2023/09/03,18,6
43,2023/09/03,19,4
44,2023/09/03,20,6
45,2023/09/03,21,11
46,2023/09/03,22,14
47,2023/09/03,23,8
48,2023/09/04,0,2
49,2023/09/04,1,5
50,2023/09/04,2,7
51,2023/09/04,3,5
52,2023/09/04,4,2
53,2023/09/04,5,2
54,2023/09/04,6,4
55,2023/09/04,7,3
56,2023/09/04,8,7
57,2023/09/04,9,9
58,2023/09/04,10,10
59,2023/09/04,11,10
60,2023/09/04,12,6
61,2023/09/04,13,4
62,2023/09/04,14,7
63,2023/09/04,15,8
64,2023/09/04,16,11
65,2023/09/04,17,6
66,2023/09/04,18,3
67,2023/09/04,19,6
68,2023/09/04,20,12
69,2023/09/04,21,8
70,2023/09/04,22,8
71,2023/09/04,23,8
72,2023/09/05,0,6
73,2023/09/05,1,7
74,2023/09/05,2,5
75,2023/09/05,3,6
76,2023/09/05,4,6
77,2023/09/05,5,5
78,2023/09/05,6,5
79,2023/09/05,7,7
80,2023/09/05,8,6
81,2023/09/05,9,5
82,2023/09/05,10,5
83,2023/09/05,11,9
84,2023/09/05,12,9
85,2023/09/05,13,7
86,2023/09/05,14,11
87,2023/09/05,15,13
88,2023/09/05,16,10
89,2023/09/05,17,9
90,2023/09/05,18,8
91,2023/09/05,19,11
92,2023/09/05,20,8
93,2023/09/05,21,7
94,2023/09/05,22,5
95,2023/09/05,23,3
96,2023/09/06,0,2
97,2023/09/06,1,4
98,2023/09/06,2,3
99,2023/09/06,3,1
100,2023/09/06,4,3
101,2023/09/06,5,4
102,2023/09/06,6,7
103,2023/09/06,7,9
104,2023/09/06,8,7
105,2023/09/06,9,6
106,2023/09/06,10,5
107,2023/09/06,11,12
108,2023/09/06,12,12
109,2023/09/06,13,10
110,2023/09/06,14,8
111,2023/09/06,15,5
112,2023/09/06,16,7
113,2023/09/06,17,10
114,2023/09/06,18,11
115,2023/09/06,19,9
116,2023/09/06,20,5
117,2023/09/06,21,6
118,2023/09/06,22,4
119,2023/09/06,23,3
120,2023/09/07,0,5
121,2023/09/07,1,10
122,2023/09/07,2,8
123,2023/09/07,3,4
124,2023/09/07,4,3
125,2023/09/07,5,6
126,2023/09/07,6,7
127,2023/09/07,7,7
128,2023/09/07,8,13
129,2023/09/07,9,13
130,2023/09/07,10,8
131,2023/09/07,11,11
132,2023/09/07,12,11
133,2023/09/07,13,11
134,2023/09/07,14,10
135,2023/09/07,15,12
136,2023/09/07,16,12
137,2023/09/07,17,12
138,2023/09/07,18,9
139,2023/09/07,19,7
140,2023/09/07,20,10
141,2023/09/07,21,7
142,2023/09/07,22,7
143,2023/09/07,23,7
144,2023/09/08,0,6
145,2023/09/08,1,6
146,2023/09/08,2,5
147,2023/09/08,3,8
148,2023/09/08,4,6
149,2023/09/08,5,5
150,2023/09/08,6,9
151,2023/09/08,7,8
152,2023/09/08,8,6
153,2023/09/08,9,4
154,2023/09/08,10,6
155,2023/09/08,11,4
156,2023/09/08,12,6
157,2023/09/08,13,7
158,2023/09/08,14,9
159,2023/09/08,15,6
160,2023/09/08,16,5
161,2023/09/08,17,4
162,2023/09/08,18,6
163,2023/09/08,19,6
164,2023/09/08,20,3
165,2023/09/08,21,5
166,2023/09/08,22,7
167,2023/09/08,23,4
168,2023/09/09,0,1
169,2023/09/09,1,3
170,2023/09/09,2,2
171,2023/09/09,3,3
172,2023/09/09,4,6
173,2023/09/09,5,5
174,2023/09/09,6,6
175,2023/09/09,7,4
176,2023/09/09,8,5
177,2023/09/09,9,4
178,2023/09/09,10,4
179,2023/09/09,11,1
180,2023/09/09,12,2
181,2023/09/09,13,3
182,2023/09/09,14,4
183,2023/09/09,15,7
184,2023/09/09,16,8
185,2023/09/09,17,9
186,2023/09/09,18,7
187,2023/09/09,19,4
188,2023/09/09,20,5
189,2023/09/09,21,5
190,2023/09/09,22,5
191,2023/09/09,23,4
192,2023/09/10,0,2
193,2023/09/10,1,3
194,2023/09/10,2,4
195,2023/09/10,3,2
196,2023/09/10,4,0
197,2023/09/10,5,1
198,2023/09/10,6,5
199,2023/09/10,7,7
200,2023/09/10,8,4
201,2023/09/10,9,1
202,2023/09/10,10,3
203,2023/09/10,11,6
204,2023/09/10,12,5
205,2023/09/10,13,4
206,2023/09/10,14,8
207,2023/09/10,15,9
208,2023/09/10,16,10
209,2023/09/10,17,10
210,2023/09/10,18,9
211,2023/09/10,19,13
212,2023/09/10,20,12
213,2023/09/10,21,7
214,2023/09/10,22,5
215,2023/09/10,23,6
216,2023/09/11,0,7
217,2023/09/11,1,6
218,2023/09/11,2,4
219,2023/09/11,3,1
220,2023/09/11,4,4
221,2023/09/11,5,5
222,2023/09/11,6,6
223,2023/09/11,7,6
224,2023/09/11,8,5
225,2023/09/11,9,6
226,2023/09/11,10,6
227,2023/09/11,11,7
228,2023/09/11,12,8
229,2023/09/11,13,11
230,2023/09/11,14,18
231,2023/09/11,15,13
232,2023/09/11,16,13
233,2023/09/11,17,17
234,2023/09/11,18,22
235,2023/09/11,19,23
236,2023/09/11,20,21
237,2023/09/11,21,17
238,2023/09/11,22,16
239,2023/09/11,23,14
240,2023/09/12,0,20
241,2023/09/12,1,15
242,2023/09/12,2,14
243,2023/09/12,3,16
244,2023/09/12,4,13
245,2023/09/12,5,9
246,2023/09/12,6,15
247,2023/09/12,7,15
248,2023/09/12,8,16
249,2023/09/12,9,20
250,2023/09/12,10,17
251,2023/09/12,11,18
252,2023/09/12,12,23
253,2023/09/12,13,22
254,2023/09/12,14,29
255,2023/09/12,15,24
256,2023/09/12,16,30
257,2023/09/12,17,24
258,2023/09/12,18,19
259,2023/09/12,19,28
260,2023/09/12,20,21
261,2023/09/12,21,21
262,2023/09/12,22,22
263,2023/09/12,23,23
264,2023/09/13,0,17
265,2023/09/13,1,15
266,2023/09/13,2,16
267,2023/09/13,3,15
268,2023/09/13,4,16
269,2023/09/13,5,19
270,2023/09/13,6,17
271,2023/09/13,7,16
272,2023/09/13,8,17
273,2023/09/13,9,16
274,2023/09/13,10,21
275,2023/09/13,11,21
276,2023/09/13,12,17
277,2023/09/13,13,22
278,2023/09/13,14,20
279,2023/09/13,15,19
280,2023/09/13,16,22
281,2023/09/13,17,22
282,2023/09/13,18,27
283,2023/09/13,19,25
284,2023/09/13,20,16
285,2023/09/13,21,26
286,2023/09/13,22,21
287,2023/09/13,23,21
288,2023/09/14,0,21
289,2023/09/14,1,19
290,2023/09/14,2,21
291,2023/09/14,3,22
292,2023/09/14,4,23
293,2023/09/14,5,18
294,2023/09/14,6,24
295,2023/09/14,7,20
296,2023/09/14,8,21
297,2023/09/14,9,21
298,2023/09/14,10,26
299,2023/09/14,11,28
300,2023/09/14,12,26
301,2023/09/14,13,31
302,2023/09/14,14,28
303,2023/09/14,15,10
304,2023/09/14,16,11
305,2023/09/14,17,16
306,2023/09/14,18,16
307,2023/09/14,19,15
308,2023/09/14,20,16
309,2023/09/14,21,18
310,2023/09/14,22,19
311,2023/09/14,23,13
312,2023/09/15,0,17
313,2023/09/15,1,19
314,2023/09/15,2,23
315,2023/09/15,3,20
316,2023/09/15,4,28
317,2023/09/15,5,19
318,2023/09/15,6,20
319,2023/09/15,7,26
320,2023/09/15,8,21
321,2023/09/15,9,22
322,2023/09/15,10,29
323,2023/09/15,11,20
324,2023/09/15,12,24
325,2023/09/15,13,21
326,2023/09/15,14,21
327,2023/09/15,15,34
328,2023/09/15,16,18
329,2023/09/15,17,16
330,2023/09/15,18,11
331,2023/09/15,19,19
332,2023/09/15,20,16
333,2023/09/15,21,18
334,2023/09/15,22,17
335,2023/09/15,23,13
336,2023/09/16,0,14
337,2023/09/16,1,14
338,2023/09/16,2,16
339,2023/09/16,3,23
340,2023/09/16,4,18
341,2023/09/16,5,20
342,2023/09/16,6,21
343,2023/09/16,7,22
344,2023/09/16,8,21
345,2023/09/16,9,23
346,2023/09/16,10,20
347,2023/09/16,11,26
348,2023/09/16,12,20
349,2023/09/16,13,18
350,2023/09/16,14,25
351,2023/09/16,15,24
352,2023/09/16,16,16
353,2023/09/16,17,24
354,2023/09/16,18,32
355,2023/09/16,19,32
356,2023/09/16,20,26
357,2023/09/16,21,29
358,2023/09/16,22,24
359,2023/09/16,23,32
360,2023/09/17,0,26
361,2023/09/17,1,25
362,2023/09/17,2,24
363,2023/09/17,3,20
364,2023/09/17,4,27
365,2023/09/17,5,19
366,2023/09/17,6,19
367,2023/09/17,7,22
368,2023/09/17,8,22
369,2023/09/17,9,25
370,2023/09/17,10,24
371,2023/09/17,11,20
372,2023/09/17,12,24
373,2023/09/17,13,27
374,2023/09/17,14,29
375,2023/09/17,15,28
376,2023/09/17,16,28
377,2023/09/17,17,26
378,2023/09/17,18,29
379,2023/09/17,19,29
380,2023/09/17,20,26
381,2023/09/17,21,22
382,2023/09/17,22,16
383,2023/09/17,23,25
384,2023/09/18,0,21
385,2023/09/18,1,26
386,2023/09/18,2,18
387,2023/09/18,3,20
388,2023/09/18,4,18
389,2023/09/18,5,20
390,2023/09/18,6,22
391,2023/09/18,7,22
392,2023/09/18,8,29
393,2023/09/18,9,24
394,2023/09/18,10,20
395,2023/09/18,11,22
396,2023/09/18,12,33
397,2023/09/18,13,32
398,2023/09/18,14,18
399,2023/09/18,15,20
400,2023/09/18,16,17
401,2023/09/18,17,18
402,2023/09/18,18,17
403,2023/09/18,19,22
404,2023/09/18,20,14
405,2023/09/18,21,11
406,2023/09/18,22,13
407,2023/09/18,23,14
408,2023/09/19,0,11
409,2023/09/19,1,12
410,2023/09/19,2,15
411,2023/09/19,3,13
412,2023/09/19,4,12
413,2023/09/19,5,12
414,2023/09/19,6,11
415,2023/09/19,7,15
416,2023/09/19,8,17
417,2023/09/19,9,26
418,2023/09/19,10,21
419,2023/09/19,11,17
420,2023/09/19,12,19
421,2023/09/19,13,23
422,2023/09/19,14,28
423,2023/09/19,15,42
424,2023/09/19,16,21
425,2023/09/19,17,18
426,2023/09/19,18,16
427,2023/09/19,19,14
428,2023/09/19,20,18
429,2023/09/19,21,16
430,2023/09/19,22,15
431,2023/09/19,23,13
432,2023/09/20,0,16
433,2023/09/20,1,18
434,2023/09/20,2,17
435,2023/09/20,3,18
436,2023/09/20,4,19
437,2023/09/20,5,13
438,2023/09/20,6,18
439,2023/09/20,7,24
440,2023/09/20,8,15
441,2023/09/20,9,17
442,2023/09/20,10,14
443,2023/09/20,11,18
444,2023/09/20,12,22
445,2023/09/20,13,18
446,2023/09/20,14,19
447,2023/09/20,15,24
448,2023/09/20,16,27
449,2023/09/20,17,21
450,2023/09/20,18,23
451,2023/09/20,19,22
452,2023/09/20,20,21
453,2023/09/20,21,23
454,2023/09/20,22,16
455,2023/09/20,23,17
456,2023/09/21,0,16
457,2023/09/21,1,19
458,2023/09/21,2,17
459,2023/09/21,3,16
460,2023/09/21,4,19
461,2023/09/21,5,19
462,2023/09/21,6,21
463,2023/09/21,7,21
464,2023/09/21,8,17
465,2023/09/21,9,15
466,2023/09/21,10,9
467,2023/09/21,11,13
468,2023/09/21,12,18
469,2023/09/21,13,24
470,2023/09/21,14,21
471,2023/09/21,15,19
472,2023/09/21,16,19
473,2023/09/21,17,18
474,2023/09/21,18,26
475,2023/09/21,19,31
476,2023/09/21,20,28
477,2023/09/21,21,24
478,2023/09/21,22,22
479,2023/09/21,23,22
480,2023/09/22,0,19
481,2023/09/22,1,22
482,2023/09/22,2,20
483,2023/09/22,3,19
484,2023/09/22,4,16
485,2023/09/22,5,22
486,2023/09/22,6,21
487,2023/09/22,7,19
488,2023/09/22,8,20
489,2023/09/22,9,20
490,2023/09/22,10,20
491,2023/09/22,11,19
492,2023/09/22,12,22
493,2023/09/22,13,26
494,2023/09/22,14,20
495,2023/09/22,15,20
496,2023/09/22,16,20
497,2023/09/22,17,20
498,2023/09/22,18,28
499,2023/09/22,19,25
500,2023/09/22,20,17
501,2023/09/22,21,23
502,2023/09/22,22,21
503,2023/09/22,23,21
504,2023/09/23,0,16
505,2023/09/23,1,17
506,2023/09/23,2,16
507,2023/09/23,3,17
508,2023/09/23,4,14
509,2023/09/23,5,18
510,2023/09/23,6,18
511,2023/09/23,7,19
512,2023/09/23,8,18
513,2023/09/23,9,19
514,2023/09/23,10,22
515,2023/09/23,11,24
516,2023/09/23,12,25
517,2023/09/23,13,27
518,2023/09/23,14,38
519,2023/09/23,15,44
520,2023/09/23,16,34
521,2023/09/23,17,29
522,2023/09/23,18,16
523,2023/09/23,19,15
524,2023/09/23,20,15
525,2023/09/23,21,15
526,2023/09/23,22,14
527,2023/09/23,23,15
528,2023/09/24,0,13
529,2023/09/24,1,12
530,2023/09/24,2,17
531,2023/09/24,3,15
532,2023/09/24,4,16
533,2023/09/24,5,21
534,2023/09/24,6,14
535,2023/09/24,7,17
536,2023/09/24,8,19
537,2023/09/24,9,16
538,2023/09/24,10,11
539,2023/09/24,11,11
540,2023/09/24,12,14
541,2023/09/24,13,10
542,2023/09/24,14,14
543,2023/09/24,15,19
544,2023/09/24,16,22
545,2023/09/24,17,28
546,2023/09/24,18,13
547,2023/09/24,19,14
548,2023/09/24,20,12
549,2023/09/24,21,12
550,2023/09/24,22,16
551,2023/09/24,23,16
552,2023/09/25,0,18
553,2023/09/25,1,17
554,2023/09/25,2,17
555,2023/09/25,3,17
556,2023/09/25,4,14
557,2023/09/25,5,17
558,2023/09/25,6,18
559,2023/09/25,7,20
560,2023/09/25,8,17
561,2023/09/25,9,14
562,2023/09/25,10,17
563,2023/09/25,11,15
564,2023/09/25,12,15
565,2023/09/25,13,16
566,2023/09/25,14,21
567,2023/09/25,15,32
568,2023/09/25,16,19
569,2023/09/25,17,25
570,2023/09/25,18,30
571,2023/09/25,19,24
572,2023/09/25,20,23
573,2023/09/25,21,21
574,2023/09/25,22,17
575,2023/09/25,23,23
576,2023/09/26,0,20
577,2023/09/26,1,17
578,2023/09/26,2,16
579,2023/09/26,3,16
580,2023/09/26,4,19
581,2023/09/26,5,15
582,2023/09/26,6,20
583,2023/09/26,7,16
584,2023/09/26,8,21
585,2023/09/26,9,13
586,2023/09/26,10,13
587,2023/09/26,11,19
588,2023/09/26,12,14
589,2023/09/26,13,18
590,2023/09/26,14,23
591,2023/09/26,15,28
592,2023/09/26,16,22
593,2023/09/26,17,25
594,2023/09/26,18,27
595,2023/09/26,19,27
596,2023/09/26,20,26
597,2023/09/26,21,26
598,2023/09/26,22,25
599,2023/09/26,23,25
600,2023/09/27,0,22
601,2023/09/27,1,19
602,2023/09/27,2,17
603,2023/09/27,3,24
604,2023/09/27,4,22
605,2023/09/27,5,16
606,2023/09/27,6,21
607,2023/09/27,7,21
608,2023/09/27,8,20
609,2023/09/27,9,20
610,2023/09/27,10,23
611,2023/09/27,11,21
612,2023/09/27,12,23
613,2023/09/27,13,21
614,2023/09/27,14,25
615,2023/09/27,15,30
616,2023/09/27,16,32
617,2023/09/27,17,24
618,2023/09/27,18,19
619,2023/09/27,19,14
620,2023/09/27,20,13
621,2023/09/27,21,16
622,2023/09/27,22,13
623,2023/09/27,23,19
624,2023/09/28,0,12
625,2023/09/28,1,18
626,2023/09/28,2,14
627,2023/09/28,3,14
628,2023/09/28,4,13
629,2023/09/28,5,16
630,2023/09/28,6,16
631,2023/09/28,7,17
632,2023/09/28,8,11
633,2023/09/28,9,16
634,2023/09/28,10,22
635,2023/09/28,11,22
636,2023/09/28,12,24
637,2023/09/28,13,27
638,2023/09/28,14,16
639,2023/09/28,15,15
640,2023/09/28,16,15
641,2023/09/28,17,16
642,2023/09/28,18,15
643,2023/09/28,19,11
644,2023/09/28,20,16
645,2023/09/28,21,16
646,2023/09/28,22,13
647,2023/09/28,23,20
648,2023/09/29,0,14
649,2023/09/29,1,13
650,2023/09/29,2,13
651,2023/09/29,3,12
652,2023/09/29,4,15
653,2023/09/29,5,17
654,2023/09/29,6,18
655,2023/09/29,7,17
656,2023/09/29,8,21
657,2023/09/29,9,12
658,2023/09/29,10,18
659,2023/09/29,11,21
660,2023/09/29,12,25
661,2023/09/29,13,27
662,2023/09/29,14,24
663,2023/09/29,15,20
664,2023/09/29,16,21
665,2023/09/29,17,23
666,2023/09/29,18,23
667,2023/09/29,19,31
668,2023/09/29,20,27
669,2023/09/29,21,35
670,2023/09/29,22,31
671,2023/09/29,23,30
672,2023/09/30,0,20
673,2023/09/30,1,19
674,2023/09/30,2,22
675,2023/09/30,3,22
676,2023/09/30,4,23
677,2023/09/30,5,19
678,2023/09/30,6,21
679,2023/09/30,7,27
680,2023/09/30,8,29
681,2023/09/30,9,24
682,2023/09/30,10,19
683,2023/09/30,11,25
684,2023/09/30,12,28
685,2023/09/30,13,33
686,2023/09/30,14,31
687,2023/09/30,15,26
688,2023/09/30,16,24
689,2023/09/30,17,25
690,2023/09/30,18,25
691,2023/09/30,19,38
692,2023/09/30,20,29
693,2023/09/30,21,27
694,2023/09/30,22,29
695,2023/09/30,23,29
696,2023/10/01,0,23
697,2023/10/01,1,23
698,2023/10/01,2,25
699,2023/10/01,3,23
700,2023/10/01,4,23
701,2023/10/01,5,22
702,2023/10/01,6,20
703,2023/10/01,7,25
704,2023/10/01,8,19
705,2023/10/01,9,21
706,2023/10/01,10,22
707,2023/10/01,11,28
708,2023/10/01,12,32
709,2023/10/01,13,31
710,2023/10/01,14,26
711,2023/10/01,15,23
712,2023/10/01,16,20
713,2023/10/01,17,19
714,2023/10/01,18,21
715,2023/10/01,19,24
716,2023/10/01,20,17
717,2023/10/01,21,21
718,2023/10/01,22,17
719,2023/10/01,23,19
720,2023/10/02,0,23
721,2023/10/02,1,14
722,2023/10/02,2,17
723,2023/10/02,3,11
724,2023/10/02,4,18
725,2023/10/02,5,16
726,2023/10/02,6,20
727,2023/10/02,7,16
728,2023/10/02,8,20
729,2023/10/02,9,16
730,2023/10/02,10,16
731,2023/10/02,11,21
732,2023/10/02,12,22
733,2023/10/02,13,15
734,2023/10/02,14,18
735,2023/10/02,15,23
736,2023/10/02,16,21
737,2023/10/02,17,23
738,2023/10/02,18,24
739,2023/10/02,19,19
740,2023/10/02,20,20
741,2023/10/02,21,15
742,2023/10/02,22,15
743,2023/10/02,23,14
744,2023/10/03,0,12
745,2023/10/03,1,13
746,2023/10/03,2,13
747,2023/10/03,3,14
748,2023/10/03,4,17
749,2023/10/03,5,12
750,2023/10/03,6,17
751,2023/10/03,7,18
752,2023/10/03,8,12
753,2023/10/03,9,17
754,2023/10/03,10,19
755,2023/10/03,11,19
756,2023/10/03,12,15
757,2023/10/03,13,18
758,2023/10/03,14,20
759,2023/10/03,15,18
760,2023/10/03,16,15
761,2023/10/03,17,16
762,2023/10/03,18,20
763,2023/10/03,19,14
764,2023/10/03,20,14
765,2023/10/03,21,17
766,2023/10/03,22,17
767,2023/10/03,23,15
768,2023/10/04,0,17
769,2023/10/04,1,12
770,2023/10/04,2,15
771,2023/10/04,3,15
772,2023/10/04,4,13
773,2023/10/04,5,14
774,2023/10/04,6,14
775,2023/10/04,7,19
776,2023/10/04,8,20
777,2023/10/04,9,14
778,2023/10/04,10,12
779,2023/10/04,11,7
780,2023/10/04,12,9
781,2023/10/04,13,10
782,2023/10/04,14,12
783,2023/10/04,15,15
784,2023/10/04,16,10
785,2023/10/04,17,7
786,2023/10/04,18,7
787,2023/10/04,19,6
788,2023/10/04,20,6
789,2023/10/04,21,6
790,2023/10/04,22,4
791,2023/10/04,23,3
792,2023/10/05,0,2
793,2023/10/05,1,2
794,2023/10/05,2,3
795,2023/10/05,3,6
796,2023/10/05,4,6
797,2023/10/05,5,4
798,2023/10/05,6,2
799,2023/10/05,7,1
800,2023/10/05,8,1
801,2023/10/05,9,4
802,2023/10/05,10,7
803,2023/10/05,11,12
804,2023/10/05,12,18
805,2023/10/05,13,19
806,2023/10/05,14,17
807,2023/10/05,15,18
808,2023/10/05,16,16
809,2023/10/05,17,21
810,2023/10/05,18,19
811,2023/10/05,19,18
812,2023/10/05,20,23
813,2023/10/05,21,17
814,2023/10/05,22,14
815,2023/10/05,23,13
816,2023/10/06,0,11
817,2023/10/06,1,9
818,2023/10/06,2,10
819,2023/10/06,3,12
820,2023/10/06,4,9
821,2023/10/06,5,11
822,2023/10/06,6,11
823,2023/10/06,7,12
824,2023/10/06,8,16
825,2023/10/06,9,16
826,2023/10/06,10,17
827,2023/10/06,11,15
828,2023/10/06,12,31
829,2023/10/06,13,29
830,2023/10/06,14,24
831,2023/10/06,15,13
832,2023/10/06,16,8
833,2023/10/06,17,8
834,2023/10/06,18,10
835,2023/10/06,19,10
836,2023/10/06,20,14
837,2023/10/06,21,9
838,2023/10/06,22,7
839,2023/10/06,23,5
840,2023/10/07,0,4
841,2023/10/07,1,4
842,2023/10/07,2,4
843,2023/10/07,3,5
844,2023/10/07,4,5
845,2023/10/07,5,5
846,2023/10/07,6,7
847,2023/10/07,7,11
848,2023/10/07,8,8
849,2023/10/07,9,6
850,2023/10/07,10,12
851,2023/10/07,11,18
852,2023/10/07,12,16
853,2023/10/07,13,20
854,2023/10/07,14,18
855,2023/10/07,15,17
856,2023/10/07,16,15
857,2023/10/07,17,15
858,2023/10/07,18,10
859,2023/10/07,19,7
860,2023/10/07,20,8
861,2023/10/07,21,7
862,2023/10/07,22,9
863,2023/10/07,23,7
864,2023/10/08,0,9
865,2023/10/08,1,8
866,2023/10/08,2,4
867,2023/10/08,3,3
868,2023/10/08,4,2
869,2023/10/08,5,6
870,2023/10/08,6,10
871,2023/10/08,7,8
872,2023/10/08,8,9
873,2023/10/08,9,5
874,2023/10/08,10,5
875,2023/10/08,11,7
876,2023/10/08,12,10
877,2023/10/08,13,12
878,2023/10/08,14,16
879,2023/10/08,15,10
880,2023/10/08,16,11
881,2023/10/08,17,8
882,2023/10/08,18,13
883,2023/10/08,19,16
884,2023/10/08,20,9
885,2023/10/08,21,10
886,2023/10/08,22,6
887,2023/10/08,23,10
888,2023/10/09,0,11
889,2023/10/09,1,9
890,2023/10/09,2,7
891,2023/10/09,3,4
892,2023/10/09,4,3
893,2023/10/09,5,7
894,2023/10/09,6,7
895,2023/10/09,7,10
896,2023/10/09,8,6
897,2023/10/09,9,12
898,2023/10/09,10,13
899,2023/10/09,11,16
900,2023/10/09,12,14
901,2023/10/09,13,21
902,2023/10/09,14,19
903,2023/10/09,15,19
904,2023/10/09,16,24
905,2023/10/09,17,15
906,2023/10/09,18,22
907,2023/10/09,19,13
908,2023/10/09,20,15
909,2023/10/09,21,12
910,2023/10/09,22,20
911,2023/10/09,23,23
912,2023/10/10,0,11
913,2023/10/10,1,16
914,2023/10/10,2,9
915,2023/10/10,3,11
916,2023/10/10,4,9
917,2023/10/10,5,10
918,2023/10/10,6,6
919,2023/10/10,7,14
920,2023/10/10,8,11
921,2023/10/10,9,11
922,2023/10/10,10,19
923,2023/10/10,11,16
924,2023/10/10,12,16
925,2023/10/10,13,19
926,2023/10/10,14,26
927,2023/10/10,15,23
928,2023/10/10,16,21
929,2023/10/10,17,17
930,2023/10/10,18,19
931,2023/10/10,19,21
932,2023/10/10,20,18
933,2023/10/10,21,12
934,2023/10/10,22,17
935,2023/10/10,23,20
936,2023/10/11,0,21
937,2023/10/11,1,18
938,2023/10/11,2,21
939,2023/10/11,3,14
940,2023/10/11,4,10
941,2023/10/11,5,8
942,2023/10/11,6,11
943,2023/10/11,7,11
944,2023/10/11,8,12
945,2023/10/11,9,13
946,2023/10/11,10,20
947,2023/10/11,11,21
948,2023/10/11,12,23
949,2023/10/11,13,22
950,2023/10/11,14,22
951,2023/10/11,15,20
952,2023/10/11,16,18
953,2023/10/11,17,22
954,2023/10/11,18,16
955,2023/10/11,19,19
956,2023/10/11,20,14
957,2023/10/11,21,13
958,2023/10/11,22,17
959,2023/10/11,23,14
960,2023/10/12,0,13
961,2023/10/12,1,13
962,2023/10/12,2,12
963,2023/10/12,3,9
964,2023/10/12,4,14
965,2023/10/12,5,13
966,2023/10/12,6,17
967,2023/10/12,7,12
968,2023/10/12,8,15
969,2023/10/12,9,14
970,2023/10/12,10,24
971,2023/10/12,11,18
972,2023/10/12,12,25
973,2023/10/12,13,20
974,2023/10/12,14,20
975,2023/10/12,15,17
976,2023/10/12,16,20
977,2023/10/12,17,24
978,2023/10/12,18,21
979,2023/10/12,19,26
980,2023/10/12,20,13
981,2023/10/12,21,15
982,2023/10/12,22,18
983,2023/10/12,23,23
984,2023/10/13,0,22
985,2023/10/13,1,19
986,2023/10/13,2,19
987,2023/10/13,3,17
988,2023/10/13,4,18
989,2023/10/13,5,17
990,2023/10/13,6,16
991,2023/10/13,7,21
992,2023/10/13,8,21
993,2023/10/13,9,21
994,2023/10/13,10,26
995,2023/10/13,11,26
996,2023/10/13,12,25
997,2023/10/13,13,26
998,2023/10/13,14,27
999,2023/10/13,15,32
1000,2023/10/13,16,18
1001,2023/10/13,17,23
1002,2023/10/13,18,21
1003,2023/10/13,19,24
1004,2023/10/13,20,22
1005,2023/10/13,21,18
1006,2023/10/13,22,23
1007,2023/10/13,23,24
1008,2023/10/14,0,26
1009,2023/10/14,1,25
1010,2023/10/14,2,17
1011,2023/10/14,3,17
1012,2023/10/14,4,15
1013,2023/10/14,5,17
1014,2023/10/14,6,19
1015,2023/10/14,7,18
1016,2023/10/14,8,18
1017,2023/10/14,9,18
1018,2023/10/14,10,29
1019,2023/10/14,11,29
1020,2023/10/14,12,26
1021,2023/10/14,13,21
1022,2023/10/14,14,21
1023,2023/10/14,15,21
1024,2023/10/14,16,18
1025,2023/10/14,17,23
1026,2023/10/14,18,28
1027,2023/10/14,19,27
1028,2023/10/14,20,26
1029,2023/10/14,21,30
1030,2023/10/14,22,34
1031,2023/10/14,23,32
1032,2023/10/15,0,33
1033,2023/10/15,1,33
1034,2023/10/15,2,34
1035,2023/10/15,3,28
1036,2023/10/15,4,36
1037,2023/10/15,5,26
1038,2023/10/15,6,19
1039,2023/10/15,7,21
1040,2023/10/15,8,25
1041,2023/10/15,9,24
1042,2023/10/15,10,25
1043,2023/10/15,11,22
1044,2023/10/15,12,34
1045,2023/10/15,13,29
1046,2023/10/15,14,23
1047,2023/10/15,15,31
1048,2023/10/15,16,37
1049,2023/10/15,17,32
1050,2023/10/15,18,35
1051,2023/10/15,19,39
1052,2023/10/15,20,32
1053,2023/10/15,21,33
1054,2023/10/15,22,33
1055,2023/10/15,23,33
1056,2023/10/16,0,32
1057,2023/10/16,1,32
1058,2023/10/16,2,33
1059,2023/10/16,3,27
1060,2023/10/16,4,33
1061,2023/10/16,5,37
1062,2023/10/16,6,32
1063,2023/10/16,7,31
1064,2023/10/16,8,36
1065,2023/10/16,9,30
1066,2023/10/16,10,30
1067,2023/10/16,11,34
1068,2023/10/16,12,47
1069,2023/10/16,13,49
1070,2023/10/16,14,44
1071,2023/10/16,15,50
1072,2023/10/16,16,53
1073,2023/10/16,17,57
1074,2023/10/16,18,56
1075,2023/10/16,19,56
1076,2023/10/16,20,50
1077,2023/10/16,21,50
1078,2023/10/16,22,53
1079,2023/10/16,23,47
1080,2023/10/17,0,44
1081,2023/10/17,1,45
1082,2023/10/17,2,43
1083,2023/10/17,3,39
1084,2023/10/17,4,32
1085,2023/10/17,5,33
1086,2023/10/17,6,39
1087,2023/10/17,7,36
1088,2023/10/17,8,34
1089,2023/10/17,9,36
1090,2023/10/17,10,32
1091,2023/10/17,11,29
1092,2023/10/17,12,45
1093,2023/10/17,13,48
1094,2023/10/17,14,56
1095,2023/10/17,15,57
1096,2023/10/17,16,54
1097,2023/10/17,17,53
1098,2023/10/17,18,59
1099,2023/10/17,19,59
1100,2023/10/17,20,57
1101,2023/10/17,21,54
1102,2023/10/17,22,50
1103,2023/10/17,23,48
1104,2023/10/18,0,43
1105,2023/10/18,1,42
1106,2023/10/18,2,38
1107,2023/10/18,3,33
1108,2023/10/18,4,32
1109,2023/10/18,5,34
1110,2023/10/18,6,26
1111,2023/10/18,7,25
1112,2023/10/18,8,30
1113,2023/10/18,9,26
1114,2023/10/18,10,16
1115,2023/10/18,11,28
1116,2023/10/18,12,45
1117,2023/10/18,13,49
1118,2023/10/18,14,37
1119,2023/10/18,15,44
1120,2023/10/18,16,39
1121,2023/10/18,17,49
1122,2023/10/18,18,47
1123,2023/10/18,19,45
1124,2023/10/18,20,35
1125,2023/10/18,21,42
1126,2023/10/18,22,44
1127,2023/10/18,23,33
1128,2023/10/19,0,38
1129,2023/10/19,1,37
1130,2023/10/19,2,34
1131,2023/10/19,3,30
1132,2023/10/19,4,26
1133,2023/10/19,5,23
1134,2023/10/19,6,28
1135,2023/10/19,7,23
1136,2023/10/19,8,22
1137,2023/10/19,9,16
1138,2023/10/19,10,22
1139,2023/10/19,11,20
1140,2023/10/19,12,37
1141,2023/10/19,13,38
1142,2023/10/19,14,37
1143,2023/10/19,15,38
1144,2023/10/19,16,35
1145,2023/10/19,17,28
1146,2023/10/19,18,27
1147,2023/10/19,19,31
1148,2023/10/19,20,30
1149,2023/10/19,21,26
1150,2023/10/19,22,24
1151,2023/10/19,23,20
1152,2023/10/20,0,17
1153,2023/10/20,1,27
1154,2023/10/20,2,30
1155,2023/10/20,3,28
1156,2023/10/20,4,22
1157,2023/10/20,5,19
1158,2023/10/20,6,20
1159,2023/10/20,7,21
1160,2023/10/20,8,25
1161,2023/10/20,9,28
1162,2023/10/20,10,21
1163,2023/10/20,11,27
1164,2023/10/20,12,21
1165,2023/10/20,13,28
1166,2023/10/20,14,21
1167,2023/10/20,15,19
1168,2023/10/20,16,19
1169,2023/10/20,17,13
1170,2023/10/20,18,13
1171,2023/10/20,19,16
1172,2023/10/20,20,10
1173,2023/10/20,21,10
1174,2023/10/20,22,7
1175,2023/10/20,23,9
1176,2023/10/21,0,8
1177,2023/10/21,1,10
1178,2023/10/21,2,9
1179,2023/10/21,3,11
1180,2023/10/21,4,7
1181,2023/10/21,5,3
1182,2023/10/21,6,3
1183,2023/10/21,7,4
1184,2023/10/21,8,12
1185,2023/10/21,9,9
1186,2023/10/21,10,16
1187,2023/10/21,11,24
1188,2023/10/21,12,16
1189,2023/10/21,13,22
1190,2023/10/21,14,24
1191,2023/10/21,15,23
1192,2023/10/21,16,16
1193,2023/10/21,17,18
1194,2023/10/21,18,20
1195,2023/10/21,19,25
1196,2023/10/21,20,23
1197,2023/10/21,21,31
1198,2023/10/21,22,26
1199,2023/10/21,23,24
1200,2023/10/22,0,24
1201,2023/10/22,1,29
1202,2023/10/22,2,26
1203,2023/10/22,3,29
1204,2023/10/22,4,25
1205,2023/10/22,5,29
1206,2023/10/22,6,26
1207,2023/10/22,7,23
1208,2023/10/22,8,26
1209,2023/10/22,9,23
1210,2023/10/22,10,27
1211,2023/10/22,11,26
1212,2023/10/22,12,32
1213,2023/10/22,13,26
1214,2023/10/22,14,21
1215,2023/10/22,15,16
1216,2023/10/22,16,21
1217,2023/10/22,17,23
1218,2023/10/22,18,22
1219,2023/10/22,19,32
1220,2023/10/22,20,23
1221,2023/10/22,21,26
1222,2023/10/22,22,29
1223,2023/10/22,23,21
1224,2023/10/23,0,21
1225,2023/10/23,1,27
1226,2023/10/23,2,24
1227,2023/10/23,3,23
1228,2023/10/23,4,29
1229,2023/10/23,5,23
1230,2023/10/23,6,23
1231,2023/10/23,7,23
1232,2023/10/23,8,16
1233,2023/10/23,9,21
1234,2023/10/23,10,18
1235,2023/10/23,11,28
1236,2023/10/23,12,30
1237,2023/10/23,13,38
1238,2023/10/23,14,37
1239,2023/10/23,15,30
1240,2023/10/23,16,26
1241,2023/10/23,17,24
1242,2023/10/23,18,25
1243,2023/10/23,19,20
1244,2023/10/23,20,19
1245,2023/10/23,21,22
1246,2023/10/23,22,20
1247,2023/10/23,23,21
1248,2023/10/24,0,20
1249,2023/10/24,1,19
1250,2023/10/24,2,26
1251,2023/10/24,3,22
1252,2023/10/24,4,21
1253,2023/10/24,5,22
1254,2023/10/24,6,26
1255,2023/10/24,7,24
1256,2023/10/24,8,21
1257,2023/10/24,9,26
1258,2023/10/24,10,25
1259,2023/10/24,11,25
1260,2023/10/24,12,27
1261,2023/10/24,13,39
1262,2023/10/24,14,45
1263,2023/10/24,15,39
1264,2023/10/24,16,38
1265,2023/10/24,17,39
1266,2023/10/24,18,36
1267,2023/10/24,19,36
1268,2023/10/24,20,41
1269,2023/10/24,21,38
1270,2023/10/24,22,38
1271,2023/10/24,23,31
1272,2023/10/25,0,25
1273,2023/10/25,1,28
1274,2023/10/25,2,29
1275,2023/10/25,3,25
1276,2023/10/25,4,31
1277,2023/10/25,5,26
1278,2023/10/25,6,25
1279,2023/10/25,7,29
1280,2023/10/25,8,22
1281,2023/10/25,9,21
1282,2023/10/25,10,36
1283,2023/10/25,11,43
1284,2023/10/25,12,37
1285,2023/10/25,13,38
1286,2023/10/25,14,37
1287,2023/10/25,15,30
1288,2023/10/25,16,22
1289,2023/10/25,17,26
1290,2023/10/25,18,22
1291,2023/10/25,19,21
1292,2023/10/25,20,19
1293,2023/10/25,21,20
1294,2023/10/25,22,24
1295,2023/10/25,23,19
1296,2023/10/26,0,23
1297,2023/10/26,1,24
1298,2023/10/26,2,19
1299,2023/10/26,3,22
1300,2023/10/26,4,18
1301,2023/10/26,5,23
1302,2023/10/26,6,21
1303,2023/10/26,7,21
1304,2023/10/26,8,22
1305,2023/10/26,9,17
1306,2023/10/26,10,26
1307,2023/10/26,11,28
1308,2023/10/26,12,30
1309,2023/10/26,13,33
1310,2023/10/26,14,28
1311,2023/10/26,15,36
1312,2023/10/26,16,41
1313,2023/10/26,17,45
1314,2023/10/26,18,44
1315,2023/10/26,19,42
1316,2023/10/26,20,44
1317,2023/10/26,21,58
1318,2023/10/26,22,50
1319,2023/10/26,23,42
1320,2023/10/27,0,32
1321,2023/10/27,1,34
1322,2023/10/27,2,31
1323,2023/10/27,3,29
1324,2023/10/27,4,30
1325,2023/10/27,5,30
1326,2023/10/27,6,26
1327,2023/10/27,7,28
1328,2023/10/27,8,42
1329,2023/10/27,9,44
1330,2023/10/27,10,39
1331,2023/10/27,11,44
1332,2023/10/27,12,53
1333,2023/10/27,13,56
1334,2023/10/27,14,50
1335,2023/10/27,15,45
1336,2023/10/27,16,53
1337,2023/10/27,17,55
1338,2023/10/27,18,46
1339,2023/10/27,19,48
1340,2023/10/27,20,46
1341,2023/10/27,21,45
1342,2023/10/27,22,45
1343,2023/10/27,23,42
1344,2023/10/28,0,43
1345,2023/10/28,1,40
1346,2023/10/28,2,35
1347,2023/10/28,3,36
1348,2023/10/28,4,32
1349,2023/10/28,5,28
1350,2023/10/28,6,23
1351,2023/10/28,7,38
1352,2023/10/28,8,37
1353,2023/10/28,9,39
1354,2023/10/28,10,40
1355,2023/10/28,11,39
1356,2023/10/28,12,43
1357,2023/10/28,13,30
1358,2023/10/28,14,38
1359,2023/10/28,15,37
1360,2023/10/28,16,35
1361,2023/10/28,17,35
1362,2023/10/28,18,44
1363,2023/10/28,19,38
1364,2023/10/28,20,38
1365,2023/10/28,21,39
1366,2023/10/28,22,35
1367,2023/10/28,23,42
1368,2023/10/29,0,33
1369,2023/10/29,1,34
1370,2023/10/29,2,31
1371,2023/10/29,3,33
1372,2023/10/29,4,32
1373,2023/10/29,5,29
1374,2023/10/29,6,28
1375,2023/10/29,7,29
1376,2023/10/29,8,30
1377,2023/10/29,9,26
1378,2023/10/29,10,34
1379,2023/10/29,11,37
1380,2023/10/29,12,30
1381,2023/10/29,13,34
1382,2023/10/29,14,33
1383,2023/10/29,15,38
1384,2023/10/29,16,32
1385,2023/10/29,17,27
1386,2023/10/29,18,27
1387,2023/10/29,19,23
1388,2023/10/29,20,30
1389,2023/10/29,21,29
1390,2023/10/29,22,32
1391,2023/10/29,23,32
1392,2023/10/30,0,27
1393,2023/10/30,1,27
1394,2023/10/30,2,25
1395,2023/10/30,3,28
1396,2023/10/30,4,26
1397,2023/10/30,5,28
1398,2023/10/30,6,25
1399,2023/10/30,7,24
1400,2023/10/30,8,21
1401,2023/10/30,9,19
1402,2023/10/30,10,24
1403,2023/10/30,11,26
1404,2023/10/30,12,26
1405,2023/10/30,13,19
1406,2023/10/30,14,17
1407,2023/10/30,15,17
1408,2023/10/30,16,23
1409,2023/10/30,17,18
1410,2023/10/30,18,18
1411,2023/10/30,19,13
1412,2023/10/30,20,27
1413,2023/10/30,21,19
1414,2023/10/30,22,19
1415,2023/10/30,23,17
1416,2023/10/31,0,20
1417,2023/10/31,1,22
1418,2023/10/31,2,14
1419,2023/10/31,3,18
1420,2023/10/31,4,13
1421,2023/10/31,5,15
1422,2023/10/31,6,17
1423,2023/10/31,7,22
1424,2023/10/31,8,17
1425,2023/10/31,9,19
1426,2023/10/31,10,15
1427,2023/10/31,11,24
1428,2023/10/31,12,22
1429,2023/10/31,13,23
1430,2023/10/31,14,24
1431,2023/10/31,15,24
1432,2023/10/31,16,25
1433,2023/10/31,17,26
1434,2023/10/31,18,25
1435,2023/10/31,19,23
1436,2023/10/31,20,18
1437,2023/10/31,21,20
1438,2023/10/31,22,23
1439,2023/10/31,23,21
1440,2023/11/01,0,23
1441,2023/11/01,1,28
1442,2023/11/01,2,27
1443,2023/11/01,3,21
1444,2023/11/01,4,20
1445,2023/11/01,5,23
1446,2023/11/01,6,21
1447,2023/11/01,7,25
1448,2023/11/01,8,20
1449,2023/11/01,9,21
1450,2023/11/01,10,29
1451,2023/11/01,11,27
1452,2023/11/01,12,34
1453,2023/11/01,13,32
1454,2023/11/01,14,30
1455,2023/11/01,15,33
1456,2023/11/01,16,23
1457,2023/11/01,17,27
1458,2023/11/01,18,27
1459,2023/11/01,19,22
1460,2023/11/01,20,24
1461,2023/11/01,21,23
1462,2023/11/01,22,25
1463,2023/11/01,23,21
1464,2023/11/02,0,19
1465,2023/11/02,1,28
1466,2023/11/02,2,27
1467,2023/11/02,3,27
1468,2023/11/02,4,23
1469,2023/11/02,5,31
1470,2023/11/02,6,28
1471,2023/11/02,7,31
1472,2023/11/02,8,32
1473,2023/11/02,9,23
1474,2023/11/02,10,20
1475,2023/11/02,11,23
1476,2023/11/02,12,24
1477,2023/11/02,13,21
1478,2023/11/02,14,37
1479,2023/11/02,15,36
1480,2023/11/02,16,25
1481,2023/11/02,17,23
1482,2023/11/02,18,19
1483,2023/11/02,19,18
1484,2023/11/02,20,15
1485,2023/11/02,21,20
1486,2023/11/02,22,21
1487,2023/11/02,23,21
1488,2023/11/03,0,20
1489,2023/11/03,1,21
1490,2023/11/03,2,22
1491,2023/11/03,3,20
1492,2023/11/03,4,20
1493,2023/11/03,5,20
1494,2023/11/03,6,26
1495,2023/11/03,7,25
1496,2023/11/03,8,20
1497,2023/11/03,9,20
1498,2023/11/03,10,16
1499,2023/11/03,11,33
1500,2023/11/03,12,29
1501,2023/11/03,13,26
1502,2023/11/03,14,29
1503,2023/11/03,15,23
1504,2023/11/03,16,19
1505,2023/11/03,17,16
1506,2023/11/03,18,21
1507,2023/11/03,19,19
1508,2023/11/03,20,20
1509,2023/11/03,21,18
1510,2023/11/03,22,18
1511,2023/11/03,23,21
1512,2023/11/04,0,17
1513,2023/11/04,1,19
1514,2023/11/04,2,17
1515,2023/11/04,3,18
1516,2023/11/04,4,21
1517,2023/11/04,5,16
1518,2023/11/04,6,20
1519,2023/11/04,7,19
1520,2023/11/04,8,21
1521,2023/11/04,9,18
1522,2023/11/04,10,16
1523,2023/11/04,11,19
1524,2023/11/04,12,20
1525,2023/11/04,13,18
1526,2023/11/04,14,23
1527,2023/11/04,15,24
1528,2023/11/04,16,18
1529,2023/11/04,17,25
1530,2023/11/04,18,27
1531,2023/11/04,19,26
1532,2023/11/04,20,22
1533,2023/11/04,21,18
1534,2023/11/04,22,20
1535,2023/11/04,23,16
1536,2023/11/05,0,22
1537,2023/11/05,1,18
1538,2023/11/05,2,21
1539,2023/11/05,3,22
1540,2023/11/05,4,15
1541,2023/11/05,5,18
1542,2023/11/05,6,17
1543,2023/11/05,7,16
1544,2023/11/05,8,21
1545,2023/11/05,9,16
1546,2023/11/05,10,13
1547,2023/11/05,11,9
1548,2023/11/05,12,13
1549,2023/11/05,13,12
1550,2023/11/05,14,19
1551,2023/11/05,15,26
1552,2023/11/05,16,24
1553,2023/11/05,17,32
1554,2023/11/05,18,29
1555,2023/11/05,19,26
1556,2023/11/05,20,30
1557,2023/11/05,21,28
1558,2023/11/05,22,27
1559,2023/11/05,23,24
1560,2023/11/06,0,24
1561,2023/11/06,1,21
1562,2023/11/06,2,22
1563,2023/11/06,3,20
1564,2023/11/06,4,19
1565,2023/11/06,5,22
1566,2023/11/06,6,21
1567,2023/11/06,7,14
1568,2023/11/06,8,21
1569,2023/11/06,9,13
1570,2023/11/06,10,9
1571,2023/11/06,11,12
1572,2023/11/06,12,13
1573,2023/11/06,13,12
1574,2023/11/06,14,20
1575,2023/11/06,15,19
1576,2023/11/06,16,22
1577,2023/11/06,17,25
1578,2023/11/06,18,32
1579,2023/11/06,19,27
1580,2023/11/06,20,25
1581,2023/11/06,21,28
1582,2023/11/06,22,29
1583,2023/11/06,23,31
1584,2023/11/07,0,26
1585,2023/11/07,1,30
1586,2023/11/07,2,27
1587,2023/11/07,3,28
1588,2023/11/07,4,30
1589,2023/11/07,5,24
1590,2023/11/07,6,31
1591,2023/11/07,7,25
1592,2023/11/07,8,22
1593,2023/11/07,9,30
1594,2023/11/07,10,41
1595,2023/11/07,11,45
1596,2023/11/07,12,46
1597,2023/11/07,13,43
1598,2023/11/07,14,45
1599,2023/11/07,15,41
1600,2023/11/07,16,32
1601,2023/11/07,17,26
1602,2023/11/07,18,29
1603,2023/11/07,19,33
1604,2023/11/07,20,36
1605,2023/11/07,21,29
1606,2023/11/07,22,28
1607,2023/11/07,23,35
1608,2023/11/08,0,29
1609,2023/11/08,1,32
1610,2023/11/08,2,32
1611,2023/11/08,3,27
1612,2023/11/08,4,25
1613,2023/11/08,5,25
1614,2023/11/08,6,25
1615,2023/11/08,7,22
1616,2023/11/08,8,20
1617,2023/11/08,9,35
1618,2023/11/08,10,33
1619,2023/11/08,11,32
1620,2023/11/08,12,36
1621,2023/11/08,13,32
1622,2023/11/08,14,29
1623,2023/11/08,15,35
1624,2023/11/08,16,43
1625,2023/11/08,17,55
1626,2023/11/08,18,46
1627,2023/11/08,19,47
1628,2023/11/08,20,41
1629,2023/11/08,21,42
1630,2023/11/08,22,40
1631,2023/11/08,23,39
1632,2023/11/09,0,40
1633,2023/11/09,1,35
1634,2023/11/09,2,37
1635,2023/11/09,3,36
1636,2023/11/09,4,36
1637,2023/11/09,5,34
1638,2023/11/09,6,33
1639,2023/11/09,7,24
1640,2023/11/09,8,31
1641,2023/11/09,9,33
1642,2023/11/09,10,30
1643,2023/11/09,11,36
1644,2023/11/09,12,31
1645,2023/11/09,13,39
1646,2023/11/09,14,46
1647,2023/11/09,15,45
1648,2023/11/09,16,47
1649,2023/11/09,17,36
1650,2023/11/09,18,37
1651,2023/11/09,19,29
1652,2023/11/09,20,32
1653,2023/11/09,21,32
1654,2023/11/09,22,37
1655,2023/11/09,23,35
1656,2023/11/10,0,38
1657,2023/11/10,1,29
1658,2023/11/10,2,25
1659,2023/11/10,3,28
1660,2023/11/10,4,28
1661,2023/11/10,5,20
1662,2023/11/10,6,21
1663,2023/11/10,7,34
1664,2023/11/10,8,24
1665,2023/11/10,9,16
1666,2023/11/10,10,19
1667,2023/11/10,11,20
1668,2023/11/10,12,20
1669,2023/11/10,13,23
1670,2023/11/10,14,21
1671,2023/11/10,15,12
1672,2023/11/10,16,17
1673,2023/11/10,17,25
1674,2023/11/10,18,24
1675,2023/11/10,19,23
1676,2023/11/10,20,17
1677,2023/11/10,21,25
1678,2023/11/10,22,22
1679,2023/11/10,23,21
1680,2023/11/11,0,14
1681,2023/11/11,1,13
1682,2023/11/11,2,10
1683,2023/11/11,3,9
1684,2023/11/11,4,12
1685,2023/11/11,5,10
1686,2023/11/11,6,13
1687,2023/11/11,7,18
1688,2023/11/11,8,16
1689,2023/11/11,9,12
1690,2023/11/11,10,15
1691,2023/11/11,11,18
1692,2023/11/11,12,16
1693,2023/11/11,13,22
1694,2023/11/11,14,24
1695,2023/11/11,15,22
1696,2023/11/11,16,28
1697,2023/11/11,17,27
1698,2023/11/11,18,45
1699,2023/11/11,19,43
1700,2023/11/11,20,33
1701,2023/11/11,21,19
1702,2023/11/11,22,15
1703,2023/11/11,23,15
1704,2023/11/12,0,15
1705,2023/11/12,1,11
1706,2023/11/12,2,11
1707,2023/11/12,3,12
1708,2023/11/12,4,13
1709,2023/11/12,5,17
1710,2023/11/12,6,13
1711,2023/11/12,7,11
1712,2023/11/12,8,11
1713,2023/11/12,9,10
1714,2023/11/12,10,12
1715,2023/11/12,11,19
1716,2023/11/12,12,26
1717,2023/11/12,13,16
1718,2023/11/12,14,13
1719,2023/11/12,15,10
1720,2023/11/12,16,13
1721,2023/11/12,17,15
1722,2023/11/12,18,16
1723,2023/11/12,19,13
1724,2023/11/12,20,13
1725,2023/11/12,21,7
1726,2023/11/12,22,6
1727,2023/11/12,23,11
1728,2023/11/13,0,9
1729,2023/11/13,1,6
1730,2023/11/13,2,6
1731,2023/11/13,3,4
1732,2023/11/13,4,3
1733,2023/11/13,5,6
1734,2023/11/13,6,9
1735,2023/11/13,7,7
1736,2023/11/13,8,9
1737,2023/11/13,9,8
1738,2023/11/13,10,18
1739,2023/11/13,11,15
1740,2023/11/13,12,15
1741,2023/11/13,13,22
1742,2023/11/13,14,21
1743,2023/11/13,15,17
1744,2023/11/13,16,15
1745,2023/11/13,17,16
1746,2023/11/13,18,17
1747,2023/11/13,19,16
1748,2023/11/13,20,16
1749,2023/11/13,21,12
1750,2023/11/13,22,15
1751,2023/11/13,23,16
1752,2023/11/14,0,15
1753,2023/11/14,1,19
1754,2023/11/14,2,17
1755,2023/11/14,3,20
1756,2023/11/14,4,20
1757,2023/11/14,5,18
1758,2023/11/14,6,20
1759,2023/11/14,7,18
1760,2023/11/14,8,17
1761,2023/11/14,9,21
1762,2023/11/14,10,16
1763,2023/11/14,11,19
1764,2023/11/14,12,23
1765,2023/11/14,13,25
1766,2023/11/14,14,32
1767,2023/11/14,15,49
1768,2023/11/14,16,25
1769,2023/11/14,17,27
1770,2023/11/14,18,24
1771,2023/11/14,19,19
1772,2023/11/14,20,21
1773,2023/11/14,21,19
1774,2023/11/14,22,19
1775,2023/11/14,23,15
1776,2023/11/15,0,25
1777,2023/11/15,1,22
1778,2023/11/15,2,19
1779,2023/11/15,3,25
1780,2023/11/15,4,23
1781,2023/11/15,5,24
1782,2023/11/15,6,22
1783,2023/11/15,7,25
1784,2023/11/15,8,33
1785,2023/11/15,9,30
1786,2023/11/15,10,26
1787,2023/11/15,11,20
1788,2023/11/15,12,25
1789,2023/11/15,13,33
1790,2023/11/15,14,32
1791,2023/11/15,15,40
1792,2023/11/15,16,36
1793,2023/11/15,17,33
1794,2023/11/15,18,33
1795,2023/11/15,19,28
1796,2023/11/15,20,25
1797,2023/11/15,21,25
1798,2023/11/15,22,24
1799,2023/11/15,23,27
1800,2023/11/16,0,24
1801,2023/11/16,1,25
1802,2023/11/16,2,26
1803,2023/11/16,3,27
1804,2023/11/16,4,27
1805,2023/11/16,5,30
1806,2023/11/16,6,30
1807,2023/11/16,7,23
1808,2023/11/16,8,19
1809,2023/11/16,9,16
1810,2023/11/16,10,14
1811,2023/11/16,11,10
1812,2023/11/16,12,9
1813,2023/11/16,13,16
1814,2023/11/16,14,23
1815,2023/11/16,15,25
1816,2023/11/16,16,21
1817,2023/11/16,17,19
1818,2023/11/16,18,19
1819,2023/11/16,19,25
1820,2023/11/16,20,14
1821,2023/11/16,21,7
1822,2023/11/16,22,4
1823,2023/11/16,23,6
1824,2023/11/17,0,10
1825,2023/11/17,1,6
1826,2023/11/17,2,8
1827,2023/11/17,3,11
1828,2023/11/17,4,15
1829,2023/11/17,5,13
1830,2023/11/17,6,13
1831,2023/11/17,7,14
1832,2023/11/17,8,17
1833,2023/11/17,9,19
1834,2023/11/17,10,16
1835,2023/11/17,11,15
1836,2023/11/17,12,18
1837,2023/11/17,13,18
1838,2023/11/17,14,24
1839,2023/11/17,15,24
1840,2023/11/17,16,23
1841,2023/11/17,17,31
1842,2023/11/17,18,25
1843,2023/11/17,19,33
1844,2023/11/17,20,29
1845,2023/11/17,21,29
1846,2023/11/17,22,25
1847,2023/11/17,23,25
1848,2023/11/18,0,24
1849,2023/11/18,1,27
1850,2023/11/18,2,27
1851,2023/11/18,3,27
1852,2023/11/18,4,23
1853,2023/11/18,5,22
1854,2023/11/18,6,17
1855,2023/11/18,7,19
1856,2023/11/18,8,19
1857,2023/11/18,9,14
1858,2023/11/18,10,20
1859,2023/11/18,11,21
1860,2023/11/18,12,26
1861,2023/11/18,13,32
1862,2023/11/18,14,29
1863,2023/11/18,15,30
1864,2023/11/18,16,37
1865,2023/11/18,17,36
1866,2023/11/18,18,34
1867,2023/11/18,19,32
1868,2023/11/18,20,28
1869,2023/11/18,21,29
1870,2023/11/18,22,27
1871,2023/11/18,23,27
1872,2023/11/19,0,24
1873,2023/11/19,1,22
1874,2023/11/19,2,26
1875,2023/11/19,3,24
1876,2023/11/19,4,29
1877,2023/11/19,5,21
1878,2023/11/19,6,25
1879,2023/11/19,7,25
1880,2023/11/19,8,27
1881,2023/11/19,9,23
1882,2023/11/19,10,21
1883,2023/11/19,11,20
1884,2023/11/19,12,30
1885,2023/11/19,13,36
1886,2023/11/19,14,36
1887,2023/11/19,15,51
1888,2023/11/19,16,31
1889,2023/11/19,17,36
1890,2023/11/19,18,37
1891,2023/11/19,19,33
1892,2023/11/19,20,33
1893,2023/11/19,21,25
1894,2023/11/19,22,21
1895,2023/11/19,23,21
1896,2023/11/20,0,16
1897,2023/11/20,1,18
1898,2023/11/20,2,25
1899,2023/11/20,3,25
1900,2023/11/20,4,24
1901,2023/11/20,5,26
1902,2023/11/20,6,23
1903,2023/11/20,7,21
1904,2023/11/20,8,26
1905,2023/11/20,9,25
1906,2023/11/20,10,21
1907,2023/11/20,11,20
1908,2023/11/20,12,21
1909,2023/11/20,13,20
1910,2023/11/20,14,19
1911,2023/11/20,15,39
1912,2023/11/20,16,35
1913,2023/11/20,17,38
1914,2023/11/20,18,38
1915,2023/11/20,19,33
1916,2023/11/20,20,36
1917,2023/11/20,21,27
1918,2023/11/20,22,31
1919,2023/11/20,23,25
1920,2023/11/21,0,29
1921,2023/11/21,1,26
1922,2023/11/21,2,26
1923,2023/11/21,3,24
1924,2023/11/21,4,21
1925,2023/11/21,5,25
1926,2023/11/21,6,20
1927,2023/11/21,7,21
1928,2023/11/21,8,26
1929,2023/11/21,9,19
1930,2023/11/21,10,15
1931,2023/11/21,11,19
1932,2023/11/21,12,15
1933,2023/11/21,13,17
1934,2023/11/21,14,19
1935,2023/11/21,15,29
1936,2023/11/21,16,30
1937,2023/11/21,17,30
1938,2023/11/21,18,38
1939,2023/11/21,19,32
1940,2023/11/21,20,34
1941,2023/11/21,21,28
1942,2023/11/21,22,30
1943,2023/11/21,23,30
1944,2023/11/22,0,30
1945,2023/11/22,1,23
1946,2023/11/22,2,27
1947,2023/11/22,3,23
1948,2023/11/22,4,22
1949,2023/11/22,5,23
1950,2023/11/22,6,22
1951,2023/11/22,7,21
1952,2023/11/22,8,24
1953,2023/11/22,9,18
1954,2023/11/22,10,12
1955,2023/11/22,11,19
1956,2023/11/22,12,18
1957,2023/11/22,13,14
1958,2023/11/22,14,19
1959,2023/11/22,15,27
1960,2023/11/22,16,44
1961,2023/11/22,17,47
1962,2023/11/22,18,41
1963,2023/11/22,19,47
1964,2023/11/22,20,48
1965,2023/11/22,21,46
1966,2023/11/22,22,42
1967,2023/11/22,23,34
1968,2023/11/23,0,34
1969,2023/11/23,1,27
1970,2023/11/23,2,32
1971,2023/11/23,3,28
1972,2023/11/23,4,23
1973,2023/11/23,5,24
1974,2023/11/23,6,21
1975,2023/11/23,7,24
1976,2023/11/23,8,18
1977,2023/11/23,9,21
1978,2023/11/23,10,18
1979,2023/11/23,11,16
1980,2023/11/23,12,16
1981,2023/11/23,13,24
1982,2023/11/23,14,33
1983,2023/11/23,15,23
1984,2023/11/23,16,16
1985,2023/11/23,17,26
1986,2023/11/23,18,30
1987,2023/11/23,19,29
1988,2023/11/23,20,26
1989,2023/11/23,21,24
1990,2023/11/23,22,27
1991,2023/11/23,23,24
1992,2023/11/24,0,23
1993,2023/11/24,1,22
1994,2023/11/24,2,19
1995,2023/11/24,3,25
1996,2023/11/24,4,24
1997,2023/11/24,5,19
1998,2023/11/24,6,21
1999,2023/11/24,7,20
2000,2023/11/24,8,19
2001,2023/11/24,9,24
2002,2023/11/24,10,23
2003,2023/11/24,11,25
2004,2023/11/24,12,35
2005,2023/11/24,13,32
2006,2023/11/24,14,36
2007,2023/11/24,15,47
2008,2023/11/24,16,38
2009,2023/11/24,17,36
2010,2023/11/24,18,35
2011,2023/11/24,19,38
2012,2023/11/24,20,34
2013,2023/11/24,21,39
2014,2023/11/24,22,36
2015,2023/11/24,23,35
2016,2023/11/25,0,33
2017,2023/11/25,1,32
2018,2023/11/25,2,29
2019,2023/11/25,3,29
2020,2023/11/25,4,29
2021,2023/11/25,5,33
2022,2023/11/25,6,30
2023,2023/11/25,7,34
2024,2023/11/25,8,33
2025,2023/11/25,9,26
2026,2023/11/25,10,36
2027,2023/11/25,11,36
2028,2023/11/25,12,35
2029,2023/11/25,13,32
2030,2023/11/25,14,34
2031,2023/11/25,15,33
2032,2023/11/25,16,36
2033,2023/11/25,17,32
2034,2023/11/25,18,31
2035,2023/11/25,19,27
2036,2023/11/25,20,36
2037,2023/11/25,21,33
2038,2023/11/25,22,31
2039,2023/11/25,23,29
2040,2023/11/26,0,30
2041,2023/11/26,1,29
2042,2023/11/26,2,30
2043,2023/11/26,3,29
2044,2023/11/26,4,29
2045,2023/11/26,5,26
2046,2023/11/26,6,18
2047,2023/11/26,7,22
2048,2023/11/26,8,20
2049,2023/11/26,9,22
2050,2023/11/26,10,23
2051,2023/11/26,11,31
2052,2023/11/26,12,32
2053,2023/11/26,13,25
2054,2023/11/26,14,23
2055,2023/11/26,15,29
2056,2023/11/26,16,32
2057,2023/11/26,17,33
2058,2023/11/26,18,17
2059,2023/11/26,19,14
2060,2023/11/26,20,19
2061,2023/11/26,21,16
2062,2023/11/26,22,22
2063,2023/11/26,23,25
2064,2023/11/27,0,43
2065,2023/11/27,1,32
2066,2023/11/27,2,28
2067,2023/11/27,3,32
2068,2023/11/27,4,31
2069,2023/11/27,5,23
2070,2023/11/27,6,27
2071,2023/11/27,7,41
2072,2023/11/27,8,23
2073,2023/11/27,9,22
2074,2023/11/27,10,18
2075,2023/11/27,11,25
2076,2023/11/27,12,29
2077,2023/11/27,13,32
2078,2023/11/27,14,28
2079,2023/11/27,15,26
2080,2023/11/27,16,26
2081,2023/11/27,17,34
2082,2023/11/27,18,39
2083,2023/11/27,19,28
2084,2023/11/27,20,31
2085,2023/11/27,21,27
2086,2023/11/27,22,23
2087,2023/11/27,23,23
2088,2023/11/28,0,22
2089,2023/11/28,1,21
2090,2023/11/28,2,19
2091,2023/11/28,3,25
2092,2023/11/28,4,21
2093,2023/11/28,5,21
2094,2023/11/28,6,18
2095,2023/11/28,7,24
2096,2023/11/28,8,14
2097,2023/11/28,9,21
2098,2023/11/28,10,23
2099,2023/11/28,11,27
2100,2023/11/28,12,23
2101,2023/11/28,13,23
2102,2023/11/28,14,29
2103,2023/11/28,15,29
2104,2023/11/28,16,29
2105,2023/11/28,17,40
2106,2023/11/28,18,34
2107,2023/11/28,19,42
2108,2023/11/28,20,35
2109,2023/11/28,21,44
2110,2023/11/28,22,34
2111,2023/11/28,23,30
2112,2023/11/29,0,26
2113,2023/11/29,1,31
2114,2023/11/29,2,28
2115,2023/11/29,3,25
2116,2023/11/29,4,26
2117,2023/11/29,5,25
2118,2023/11/29,6,25
2119,2023/11/29,7,27
2120,2023/11/29,8,25
2121,2023/11/29,9,21
2122,2023/11/29,10,24
2123,2023/11/29,11,27
2124,2023/11/29,12,25
2125,2023/11/29,13,42
2126,2023/11/29,14,40
2127,2023/11/29,15,40
2128,2023/11/29,16,29
2129,2023/11/29,17,26
2130,2023/11/29,18,30
2131,2023/11/29,19,32
2132,2023/11/29,20,36
2133,2023/11/29,21,27
2134,2023/11/29,22,36
2135,2023/11/29,23,31
2136,2023/11/30,0,19
2137,2023/11/30,1,27
2138,2023/11/30,2,26
2139,2023/11/30,3,25
2140,2023/11/30,4,27
2141,2023/11/30,5,30
2142,2023/11/30,6,26
2143,2023/11/30,7,27
2144,2023/11/30,8,29
2145,2023/11/30,9,23
2146,2023/11/30,10,27
2147,2023/11/30,11,29
2148,2023/11/30,12,16
2149,2023/11/30,13,32
2150,2023/11/30,14,33
2151,2023/11/30,15,30
2152,2023/11/30,16,28
2153,2023/11/30,17,29
2154,2023/11/30,18,30
2155,2023/11/30,19,33
2156,2023/11/30,20,30
2157,2023/11/30,21,24
2158,2023/11/30,22,25
2159,2023/11/30,23,18
2160,2023/12/01,0,20
2161,2023/12/01,1,22
2162,2023/12/01,2,19
2163,2023/12/01,3,18
2164,2023/12/01,4,14
2165,2023/12/01,5,16
2166,2023/12/01,6,13
2167,2023/12/01,7,10
2168,2023/12/01,8,12
2169,2023/12/01,9,15
2170,2023/12/01,10,16
2171,2023/12/01,11,17
2172,2023/12/01,12,22
2173,2023/12/01,13,22
2174,2023/12/01,14,22
2175,2023/12/01,15,20
2176,2023/12/01,16,14
2177,2023/12/01,17,13
2178,2023/12/01,18,30
2179,2023/12/01,19,13
2180,2023/12/01,20,13
2181,2023/12/01,21,12
2182,2023/12/01,22,11
2183,2023/12/01,23,11
2184,2023/12/02,0,14
2185,2023/12/02,1,14
2186,2023/12/02,2,10
2187,2023/12/02,3,12
2188,2023/12/02,4,10
2189,2023/12/02,5,9
2190,2023/12/02,6,11
2191,2023/12/02,7,9
2192,2023/12/02,8,8
2193,2023/12/02,9,15
2194,2023/12/02,10,21
2195,2023/12/02,11,31
2196,2023/12/02,12,30
2197,2023/12/02,13,33
2198,2023/12/02,14,34
2199,2023/12/02,15,38
2200,2023/12/02,16,22
2201,2023/12/02,17,27
2202,2023/12/02,18,27
2203,2023/12/02,19,31
2204,2023/12/02,20,28
2205,2023/12/02,21,31
2206,2023/12/02,22,26
2207,2023/12/02,23,30
2208,2023/12/03,0,30
2209,2023/12/03,1,26
2210,2023/12/03,2,25
2211,2023/12/03,3,18
2212,2023/12/03,4,24
2213,2023/12/03,5,22
2214,2023/12/03,6,25
2215,2023/12/03,7,25
2216,2023/12/03,8,24
2217,2023/12/03,9,32
2218,2023/12/03,10,32
2219,2023/12/03,11,41
2220,2023/12/03,12,50
2221,2023/12/03,13,40
2222,2023/12/03,14,37
2223,2023/12/03,15,36
2224,2023/12/03,16,30
2225,2023/12/03,17,31
2226,2023/12/03,18,32
2227,2023/12/03,19,31
2228,2023/12/03,20,19
2229,2023/12/03,21,17
2230,2023/12/03,22,22
2231,2023/12/03,23,20
2232,2023/12/04,0,24
2233,2023/12/04,1,25
2234,2023/12/04,2,21
2235,2023/12/04,3,19
2236,2023/12/04,4,21
2237,2023/12/04,5,22
2238,2023/12/04,6,22
2239,2023/12/04,7,23
2240,2023/12/04,8,21
2241,2023/12/04,9,25
2242,2023/12/04,10,15
2243,2023/12/04,11,9
2244,2023/12/04,12,10
2245,2023/12/04,13,11
2246,2023/12/04,14,9
2247,2023/12/04,15,8
2248,2023/12/04,16,8
2249,2023/12/04,17,4
2250,2023/12/04,18,5
2251,2023/12/04,19,9
2252,2023/12/04,20,8
2253,2023/12/04,21,5
2254,2023/12/04,22,5
2255,2023/12/04,23,5
2256,2023/12/05,0,5
2257,2023/12/05,1,9
2258,2023/12/05,2,13
2259,2023/12/05,3,18
2260,2023/12/05,4,10
2261,2023/12/05,5,12
2262,2023/12/05,6,12
2263,2023/12/05,7,13
2264,2023/12/05,8,11
2265,2023/12/05,9,9
2266,2023/12/05,10,10
2267,2023/12/05,11,12
2268,2023/12/05,12,16
2269,2023/12/05,13,22
2270,2023/12/05,14,24
2271,2023/12/05,15,20
2272,2023/12/05,16,18
2273,2023/12/05,17,17
2274,2023/12/05,18,25
2275,2023/12/05,19,18
2276,2023/12/05,20,20
2277,2023/12/05,21,25
2278,2023/12/05,22,16
2279,2023/12/05,23,21
2280,2023/12/06,0,26
2281,2023/12/06,1,29
2282,2023/12/06,2,23
2283,2023/12/06,3,25
2284,2023/12/06,4,26
2285,2023/12/06,5,25
2286,2023/12/06,6,29
2287,2023/12/06,7,25
2288,2023/12/06,8,33
2289,2023/12/06,9,33
2290,2023/12/06,10,37
2291,2023/12/06,11,39
2292,2023/12/06,12,46
2293,2023/12/06,13,42
2294,2023/12/06,14,31
2295,2023/12/06,15,27
2296,2023/12/06,16,33
2297,2023/12/06,17,26
2298,2023/12/06,18,32
2299,2023/12/06,19,28
2300,2023/12/06,20,22
2301,2023/12/06,21,24
2302,2023/12/06,22,26
2303,2023/12/06,23,26
2304,2023/12/07,0,22
2305,2023/12/07,1,15
2306,2023/12/07,2,16
2307,2023/12/07,3,14
2308,2023/12/07,4,17
2309,2023/12/07,5,19
2310,2023/12/07,6,19
2311,2023/12/07,7,16
2312,2023/12/07,8,15
2313,2023/12/07,9,27
2314,2023/12/07,10,14
2315,2023/12/07,11,17
2316,2023/12/07,12,22
2317,2023/12/07,13,23
2318,2023/12/07,14,24
2319,2023/12/07,15,23
2320,2023/12/07,16,25
2321,2023/12/07,17,33
2322,2023/12/07,18,30
2323,2023/12/07,19,30
2324,2023/12/07,20,32
2325,2023/12/07,21,29
2326,2023/12/07,22,28
2327,2023/12/07,23,27
2328,2023/12/08,0,26
2329,2023/12/08,1,32
2330,2023/12/08,2,26
2331,2023/12/08,3,23
2332,2023/12/08,4,25
2333,2023/12/08,5,17
2334,2023/12/08,6,20
2335,2023/12/08,7,23
2336,2023/12/08,8,24
2337,2023/12/08,9,25
2338,2023/12/08,10,15
2339,2023/12/08,11,23
2340,2023/12/08,12,19
2341,2023/12/08,13,23
2342,2023/12/08,14,32
2343,2023/12/08,15,57
2344,2023/12/08,16,54
2345,2023/12/08,17,48
2346,2023/12/08,18,51
2347,2023/12/08,19,50
2348,2023/12/08,20,42
2349,2023/12/08,21,43
2350,2023/12/08,22,36
2351,2023/12/08,23,35
2352,2023/12/09,0,28
2353,2023/12/09,1,34
2354,2023/12/09,2,30
2355,2023/12/09,3,19
2356,2023/12/09,4,23
2357,2023/12/09,5,20
2358,2023/12/09,6,24
2359,2023/12/09,7,21
2360,2023/12/09,8,22
2361,2023/12/09,9,9
2362,2023/12/09,10,16
2363,2023/12/09,11,8
2364,2023/12/09,12,11
2365,2023/12/09,13,24
2366,2023/12/09,14,26
2367,2023/12/09,15,38
2368,2023/12/09,16,23
2369,2023/12/09,17,38
2370,2023/12/09,18,31
2371,2023/12/09,19,40
2372,2023/12/09,20,24
2373,2023/12/09,21,25
2374,2023/12/09,22,21
2375,2023/12/09,23,19
2376,2023/12/10,0,25
2377,2023/12/10,1,18
2378,2023/12/10,2,19
2379,2023/12/10,3,17
2380,2023/12/10,4,19
2381,2023/12/10,5,20
2382,2023/12/10,6,18
2383,2023/12/10,7,17
2384,2023/12/10,8,19
2385,2023/12/10,9,12
2386,2023/12/10,10,8
2387,2023/12/10,11,7
2388,2023/12/10,12,9
2389,2023/12/10,13,15
2390,2023/12/10,14,22
2391,2023/12/10,15,17
2392,2023/12/10,16,20
2393,2023/12/10,17,26
2394,2023/12/10,18,26
2395,2023/12/10,19,25
2396,2023/12/10,20,26
2397,2023/12/10,21,25
2398,2023/12/10,22,21
2399,2023/12/10,23,23
2400,2023/12/11,0,24
2401,2023/12/11,1,24
2402,2023/12/11,2,24
2403,2023/12/11,3,24
2404,2023/12/11,4,20
2405,2023/12/11,5,20
2406,2023/12/11,6,22
2407,2023/12/11,7,25
2408,2023/12/11,8,23
2409,2023/12/11,9,21
2410,2023/12/11,10,24
2411,2023/12/11,11,22
2412,2023/12/11,12,25
2413,2023/12/11,13,31
2414,2023/12/11,14,33
2415,2023/12/11,15,36
2416,2023/12/11,16,40
2417,2023/12/11,17,29
2418,2023/12/11,18,38
2419,2023/12/11,19,34
2420,2023/12/11,20,33
2421,2023/12/11,21,30
2422,2023/12/11,22,42
2423,2023/12/11,23,32
2424,2023/12/12,0,33
2425,2023/12/12,1,32
2426,2023/12/12,2,32
2427,2023/12/12,3,33
2428,2023/12/12,4,32
2429,2023/12/12,5,31
2430,2023/12/12,6,29
2431,2023/12/12,7,29
2432,2023/12/12,8,29
2433,2023/12/12,9,27
2434,2023/12/12,10,22
2435,2023/12/12,11,33
2436,2023/12/12,12,37
2437,2023/12/12,13,34
2438,2023/12/12,14,24
2439,2023/12/12,15,21
2440,2023/12/12,16,26
2441,2023/12/12,17,27
2442,2023/12/12,18,21
2443,2023/12/12,19,21
2444,2023/12/12,20,17
2445,2023/12/12,21,14
2446,2023/12/12,22,17
2447,2023/12/12,23,17
2448,2023/12/13,0,9
2449,2023/12/13,1,10
2450,2023/12/13,2,10
2451,2023/12/13,3,16
2452,2023/12/13,4,16
2453,2023/12/13,5,11
2454,2023/12/13,6,15
2455,2023/12/13,7,15
2456,2023/12/13,8,12
2457,2023/12/13,9,19
2458,2023/12/13,10,17
2459,2023/12/13,11,25
2460,2023/12/13,12,30
2461,2023/12/13,13,31
2462,2023/12/13,14,32
2463,2023/12/13,15,22
2464,2023/12/13,16,29
2465,2023/12/13,17,30
2466,2023/12/13,18,28
2467,2023/12/13,19,36
2468,2023/12/13,20,36
2469,2023/12/13,21,31
2470,2023/12/13,22,30
2471,2023/12/13,23,28
2472,2023/12/14,0,26
2473,2023/12/14,1,25
2474,2023/12/14,2,21
2475,2023/12/14,3,20
2476,2023/12/14,4,21
2477,2023/12/14,5,24
2478,2023/12/14,6,25
2479,2023/12/14,7,25
2480,2023/12/14,8,23
2481,2023/12/14,9,20
2482,2023/12/14,10,27
2483,2023/12/14,11,25
2484,2023/12/14,12,22
2485,2023/12/14,13,30
2486,2023/12/14,14,28
2487,2023/12/14,15,27
2488,2023/12/14,16,31
2489,2023/12/14,17,27
2490,2023/12/14,18,30
2491,2023/12/14,19,35
2492,2023/12/14,20,26
2493,2023/12/14,21,32
2494,2023/12/14,22,32
2495,2023/12/14,23,27
2496,2023/12/15,0,31
2497,2023/12/15,1,24
2498,2023/12/15,2,22
2499,2023/12/15,3,23
2500,2023/12/15,4,18
2501,2023/12/15,5,20
2502,2023/12/15,6,20
2503,2023/12/15,7,26
2504,2023/12/15,8,26
2505,2023/12/15,9,25
2506,2023/12/15,10,21
2507,2023/12/15,11,28
2508,2023/12/15,12,29
2509,2023/12/15,13,31
2510,2023/12/15,14,30
2511,2023/12/15,15,26
2512,2023/12/15,16,18
2513,2023/12/15,17,21
2514,2023/12/15,18,18
2515,2023/12/15,19,18
2516,2023/12/15,20,18
2517,2023/12/15,21,12
2518,2023/12/15,22,15
2519,2023/12/15,23,13
2520,2023/12/16,0,11
2521,2023/12/16,1,9
2522,2023/12/16,2,10
2523,2023/12/16,3,15
2524,2023/12/16,4,9
2525,2023/12/16,5,11
2526,2023/12/16,6,13
2527,2023/12/16,7,14
2528,2023/12/16,8,14
2529,2023/12/16,9,20
2530,2023/12/16,10,21
2531,2023/12/16,11,13
2532,2023/12/16,12,13
2533,2023/12/16,13,9
2534,2023/12/16,14,10
2535,2023/12/16,15,13
2536,2023/12/16,16,10
2537,2023/12/16,17,8
2538,2023/12/16,18,10
2539,2023/12/16,19,10
2540,2023/12/16,20,7
2541,2023/12/16,21,7
2542,2023/12/16,22,8
2543,2023/12/16,23,6
2544,2023/12/17,0,6
2545,2023/12/17,1,12
2546,2023/12/17,2,11
2547,2023/12/17,3,9
2548,2023/12/17,4,11
2549,2023/12/17,5,9
2550,2023/12/17,6,6
2551,2023/12/17,7,11
2552,2023/12/17,8,10
2553,2023/12/17,9,11
2554,2023/12/17,10,14
2555,2023/12/17,11,13
2556,2023/12/17,12,20
2557,2023/12/17,13,25
2558,2023/12/17,14,23
2559,2023/12/17,15,16
2560,2023/12/17,16,17
2561,2023/12/17,17,25
2562,2023/12/17,18,29
2563,2023/12/17,19,28
2564,2023/12/17,20,14
2565,2023/12/17,21,16
2566,2023/12/17,22,17
2567,2023/12/17,23,15
2568,2023/12/18,0,20
2569,2023/12/18,1,17
2570,2023/12/18,2,19
2571,2023/12/18,3,16
2572,2023/12/18,4,16
2573,2023/12/18,5,18
2574,2023/12/18,6,17
2575,2023/12/18,7,19
2576,2023/12/18,8,19
2577,2023/12/18,9,17
2578,2023/12/18,10,15
2579,2023/12/18,11,14
2580,2023/12/18,12,17
2581,2023/12/18,13,17
2582,2023/12/18,14,23
2583,2023/12/18,15,19
2584,2023/12/18,16,13
2585,2023/12/18,17,15
2586,2023/12/18,18,13
2587,2023/12/18,19,14
2588,2023/12/18,20,22
2589,2023/12/18,21,16
2590,2023/12/18,22,17
2591,2023/12/18,23,17
2592,2023/12/19,0,13
2593,2023/12/19,1,19
2594,2023/12/19,2,17
2595,2023/12/19,3,14
2596,2023/12/19,4,14
2597,2023/12/19,5,15
2598,2023/12/19,6,13
2599,2023/12/19,7,13
2600,2023/12/19,8,18
2601,2023/12/19,9,9
2602,2023/12/19,10,10
2603,2023/12/19,11,15
2604,2023/12/19,12,17
2605,2023/12/19,13,18
2606,2023/12/19,14,15
2607,2023/12/19,15,18
2608,2023/12/19,16,20
2609,2023/12/19,17,20
2610,2023/12/19,18,16
2611,2023/12/19,19,17
2612,2023/12/19,20,10
2613,2023/12/19,21,10
2614,2023/12/19,22,8
2615,2023/12/19,23,9
2616,2023/12/20,0,7
2617,2023/12/20,1,8
2618,2023/12/20,2,7
2619,2023/12/20,3,9
2620,2023/12/20,4,8
2621,2023/12/20,5,5
2622,2023/12/20,6,5
2623,2023/12/20,7,9
2624,2023/12/20,8,7
2625,2023/12/20,9,8
2626,2023/12/20,10,9
2627,2023/12/20,11,10
2628,2023/12/20,12,11
2629,2023/12/20,13,11
2630,2023/12/20,14,11
2631,2023/12/20,15,11
2632,2023/12/20,16,12
2633,2023/12/20,17,13
2634,2023/12/20,18,11
2635,2023/12/20,19,11
2636,2023/12/20,20,9
2637,2023/12/20,21,10
2638,2023/12/20,22,11
2639,2023/12/20,23,8
2640,2023/12/21,0,8
2641,2023/12/21,1,7
2642,2023/12/21,2,6
2643,2023/12/21,3,8
2644,2023/12/21,4,7
2645,2023/12/21,5,9
2646,2023/12/21,6,9
2647,2023/12/21,7,10
2648,2023/12/21,8,9
2649,2023/12/21,9,10
2650,2023/12/21,10,12
2651,2023/12/21,11,15
2652,2023/12/21,12,17
2653,2023/12/21,13,17
2654,2023/12/21,14,17
2655,2023/12/21,15,24
2656,2023/12/21,16,19
2657,2023/12/21,17,21
2658,2023/12/21,18,18
2659,2023/12/21,19,20
2660,2023/12/21,20,13
2661,2023/12/21,21,14
2662,2023/12/21,22,18
2663,2023/12/21,23,11
2664,2023/12/22,0,8
2665,2023/12/22,1,9
2666,2023/12/22,2,9
2667,2023/12/22,3,13
2668,2023/12/22,4,14
2669,2023/12/22,5,13
2670,2023/12/22,6,9
2671,2023/12/22,7,15
2672,2023/12/22,8,23
2673,2023/12/22,9,18
2674,2023/12/22,10,24
2675,2023/12/22,11,21
2676,2023/12/22,12,27
2677,2023/12/22,13,25
2678,2023/12/22,14,24
2679,2023/12/22,15,19
2680,2023/12/22,16,24
2681,2023/12/22,17,22
2682,2023/12/22,18,21
2683,2023/12/22,19,18
2684,2023/12/22,20,19
2685,2023/12/22,21,19
2686,2023/12/22,22,17
2687,2023/12/22,23,20
2688,2023/12/23,0,19
2689,2023/12/23,1,24
2690,2023/12/23,2,20
2691,2023/12/23,3,21
2692,2023/12/23,4,23
2693,2023/12/23,5,24
2694,2023/12/23,6,26
2695,2023/12/23,7,26
2696,2023/12/23,8,31
2697,2023/12/23,9,28
2698,2023/12/23,10,25
2699,2023/12/23,11,35
2700,2023/12/23,12,33
2701,2023/12/23,13,38
2702,2023/12/23,14,27
2703,2023/12/23,15,32
2704,2023/12/23,16,20
2705,2023/12/23,17,25
2706,2023/12/23,18,33
2707,2023/12/23,19,29
2708,2023/12/23,20,36
2709,2023/12/23,21,29
2710,2023/12/23,22,24
2711,2023/12/23,23,19
2712,2023/12/24,0,20
2713,2023/12/24,1,13
2714,2023/12/24,2,16
2715,2023/12/24,3,11
2716,2023/12/24,4,17
2717,2023/12/24,5,15
2718,2023/12/24,6,13
2719,2023/12/24,7,11
2720,2023/12/24,8,13
2721,2023/12/24,9,15
2722,2023/12/24,10,12
2723,2023/12/24,11,16
2724,2023/12/24,12,20
2725,2023/12/24,13,10
2726,2023/12/24,14,11
2727,2023/12/24,15,15
2728,2023/12/24,16,14
2729,2023/12/24,17,23
2730,2023/12/24,18,24
2731,2023/12/24,19,23
2732,2023/12/24,20,21
2733,2023/12/24,21,24
2734,2023/12/24,22,16
2735,2023/12/24,23,20
2736,2023/12/25,0,16
2737,2023/12/25,1,14
2738,2023/12/25,2,20
2739,2023/12/25,3,20
2740,2023/12/25,4,19
2741,2023/12/25,5,19
2742,2023/12/25,6,18
2743,2023/12/25,7,18
2744,2023/12/25,8,22
2745,2023/12/25,9,11
2746,2023/12/25,10,16
2747,2023/12/25,11,18
2748,2023/12/25,12,22
2749,2023/12/25,13,26
2750,2023/12/25,14,19
2751,2023/12/25,15,25
2752,2023/12/25,16,24
2753,2023/12/25,17,30
2754,2023/12/25,18,28
2755,2023/12/25,19,24
2756,2023/12/25,20,26
2757,2023/12/25,21,25
2758,2023/12/25,22,24
2759,2023/12/25,23,29
2760,2023/12/26,0,24
2761,2023/12/26,1,27
2762,2023/12/26,2,24
2763,2023/12/26,3,27
2764,2023/12/26,4,22
2765,2023/12/26,5,20
2766,2023/12/26,6,18
2767,2023/12/26,7,14
2768,2023/12/26,8,12
2769,2023/12/26,9,16
2770,2023/12/26,10,19
2771,2023/12/26,11,27
2772,2023/12/26,12,33
2773,2023/12/26,13,32
2774,2023/12/26,14,41
2775,2023/12/26,15,43
2776,2023/12/26,16,38
2777,2023/12/26,17,32
2778,2023/12/26,18,42
2779,2023/12/26,19,36
2780,2023/12/26,20,28
2781,2023/12/26,21,33
2782,2023/12/26,22,32
2783,2023/12/26,23,27
2784,2023/12/27,0,25
2785,2023/12/27,1,27
2786,2023/12/27,2,30
2787,2023/12/27,3,28
2788,2023/12/27,4,29
2789,2023/12/27,5,29
2790,2023/12/27,6,30
2791,2023/12/27,7,32
2792,2023/12/27,8,32
2793,2023/12/27,9,36
2794,2023/12/27,10,30
2795,2023/12/27,11,33
2796,2023/12/27,12,39
2797,2023/12/27,13,33
2798,2023/12/27,14,31
2799,2023/12/27,15,24
2800,2023/12/27,16,32
2801,2023/12/27,17,34
2802,2023/12/27,18,29
2803,2023/12/27,19,25
2804,2023/12/27,20,33
2805,2023/12/27,21,27
2806,2023/12/27,22,28
2807,2023/12/27,23,31
2808,2023/12/28,0,29
2809,2023/12/28,1,29
2810,2023/12/28,2,28
2811,2023/12/28,3,23
2812,2023/12/28,4,11
2813,2023/12/28,5,12
2814,2023/12/28,6,10
2815,2023/12/28,7,8
2816,2023/12/28,8,12
2817,2023/12/28,9,12
2818,2023/12/28,10,10
2819,2023/12/28,11,7
2820,2023/12/28,12,9
2821,2023/12/28,13,16
2822,2023/12/28,14,15
2823,2023/12/28,15,17
2824,2023/12/28,16,18
2825,2023/12/28,17,20
2826,2023/12/28,18,22
2827,2023/12/28,19,19
2828,2023/12/28,20,16
2829,2023/12/28,21,19
2830,2023/12/28,22,22
2831,2023/12/28,23,24
2832,2023/12/29,0,19
2833,2023/12/29,1,20
2834,2023/12/29,2,21
2835,2023/12/29,3,18
2836,2023/12/29,4,11
2837,2023/12/29,5,9
2838,2023/12/29,6,9
2839,2023/12/29,7,10
2840,2023/12/29,8,15
2841,2023/12/29,9,14
2842,2023/12/29,10,11
2843,2023/12/29,11,8
2844,2023/12/29,12,14
2845,2023/12/29,13,16
2846,2023/12/29,14,27
2847,2023/12/29,15,31
2848,2023/12/29,16,28
2849,2023/12/29,17,27
2850,2023/12/29,18,26
2851,2023/12/29,19,28
2852,2023/12/29,20,31
2853,2023/12/29,21,27
2854,2023/12/29,22,24
2855,2023/12/29,23,26
